<background>
  <starttime>
    <year>2011</year>
    <month>02</month>
    <day>01</day>
    <hour>00</hour>
    <minute>00</minute>
    <second>00</second>
  </starttime>

<static>
<duration>10000000000.0</duration>
<file>
	<!-- Wide 16:10 -->
	<size width="1920" height="1200">/usr/share/backgrounds/verne/default/wide/verne.png</size>
	<!-- Standard 4:3 -->
	<size width="2048" height="1536">/usr/share/backgrounds/verne/default/standard/verne.png</size>
	<!-- Normalish 5:4 -->
	<size width="1280" height="1024">/usr/share/backgrounds/verne/default/normalish/verne.png</size>
</file>
</static>

</background>
