<?xml version="1.0" encoding="UTF-8"?>

<channel name="xfce4-panel" version="1.0">
  <property name="panels" type="uint" value="1">
    <property name="panel-0" type="empty">
      <property name="position" type="string" value="p=12;x=67;y=743"/>
      <property name="length" type="uint" value="100"/>
      <property name="position-locked" type="bool" value="true"/>
      <property name="autohide" type="bool" value="false"/>
      <property name="span-monitors" type="bool" value="false"/>
      <property name="size" type="uint" value="30"/>
      <property name="length-adjust" type="bool" value="true"/>
      <property name="enter-opacity" type="uint" value="100"/>
      <property name="leave-opacity" type="uint" value="100"/>
      <property name="background-alpha" type="uint" value="100"/>
      <property name="background-style" type="uint" value="0"/>
      <property name="background-color" type="array">
        <value type="uint" value="60909"/>
        <value type="uint" value="60652"/>
        <value type="uint" value="60395"/>
        <value type="uint" value="65535"/>
      </property>
      <property name="background-image" type="string" value=""/>
      <property name="output-name" type="string" value=""/>
      <property name="disable-struts" type="bool" value="false"/>
      <property name="plugin-ids" type="array">
        <value type="int" value="1"/>
        <value type="int" value="2"/>
        <value type="int" value="3"/>
        <value type="int" value="4"/>
        <value type="int" value="5"/>
        <value type="int" value="6"/>
        <value type="int" value="7"/>
        <value type="int" value="8"/>
        <value type="int" value="9"/>
        <value type="int" value="10"/>
        <value type="int" value="11"/>
        <value type="int" value="12"/>
        <value type="int" value="13"/>
        <value type="int" value="14"/>
        <value type="int" value="15"/>
      </property>
      <property name="mode" type="uint" value="0"/>
    </property>
  </property>
  <property name="plugins" type="empty">
    <property name="plugin-1" type="string" value="applicationsmenu">
      <property name="button-title" type="string" value=" Menu"/>
      <property name="button-icon" type="string" value="/usr/share/icons/hicolor/32x32/cs50/menu.png"/>
    </property>
    <property name="plugin-2" type="string" value="separator">
      <property name="style" type="uint" value="1"/>
    </property>
    <property name="plugin-3" type="string" value="launcher">
      <property name="items" type="array">
        <value type="string" value="gedit.desktop"/>
      </property>
    </property>
    <property name="plugin-4" type="string" value="launcher">
      <property name="items" type="array">
        <value type="string" value="google-chrome.desktop"/>
      </property>
    </property>
    <property name="plugin-5" type="string" value="launcher">
      <property name="items" type="array">
        <value type="string" value="Terminal.desktop"/>
      </property>
    </property>
    <property name="plugin-6" type="string" value="separator">
      <property name="style" type="uint" value="1"/>
    </property>
    <property name="plugin-7" type="string" value="tasklist">
      <property name="show-handle" type="bool" value="false"/>
    </property>
    <property name="plugin-8" type="string" value="separator">
      <property name="style" type="uint" value="0"/>
      <property name="expand" type="bool" value="true"/>
    </property>
     <property name="plugin-9" type="string" value="separator">
      <property name="style" type="uint" value="1"/>
      <property name="expand" type="bool" value="false"/>
    </property>
    <property name="plugin-10" type="string" value="genmon"/>
    <property name="plugin-11" type="string" value="separator">
      <property name="style" type="uint" value="1"/>
    </property>
    <property name="plugin-12" type="string" value="genmon"/>
    <property name="plugin-13" type="string" value="separator">
      <property name="style" type="uint" value="1"/>
    </property>
    <property name="plugin-14" type="string" value="systray">
      <property name="names-visible" type="array">
        <value type="string" value="blueman-applet"/>
        <value type="string" value="dropbox"/>
      </property>
      <property name="show-frame" type="bool" value="false"/>
    </property>
    <property name="plugin-15" type="string" value="actions">
      <property name="appearance" type="uint" value="0"/>
      <property name="invert-orientation" type="bool" value="false"/>
      <property name="items" type="array">
        <value type="string" value="+logout-dialog"/>
        <value type="string" value="-switch-user"/>
      </property>
    </property>
 </property>
  <property name="configver" type="int" value="2"/>
</channel>
