<?xml version="1.0" encoding="UTF-8"?>

<channel name="xfce4-desktop" version="1.0">
  <property name="backdrop" type="empty">
    <property name="screen0" type="empty">
      <property name="monitor0" type="empty">
        <property name="image-path" type="string" value="/usr/share/backgrounds/images/default.png"/>
        <property name="last-image" type="string" value="/usr/share/backgrounds/images/default.png"/>
        <property name="last-single-image" type="string" value="/usr/share/backgrounds/images/default.png"/>
        <property name="image-show" type="bool" value="false"/>
        <property name="color-style" type="int" value="0"/>
        <property name="color1" type="array">
          <value type="uint" value="0"/>
          <value type="uint" value="0"/>
          <value type="uint" value="0"/>
          <value type="uint" value="65535"/>
        </property>
        <property name="color2" type="array">
          <value type="uint" value="0"/>
          <value type="uint" value="0"/>
          <value type="uint" value="0"/>
          <value type="uint" value="65535"/>
        </property>
      </property>
    </property>
  </property>
  <property name="desktop-icons" type="empty">
    <property name="file-icons" type="empty">
      <property name="show-trash" type="bool" value="true"/>
      <property name="show-home" type="bool" value="true"/>
      <property name="show-filesystem" type="bool" value="false"/>
      <property name="show-removable" type="bool" value="true"/>
    </property>
  </property>
</channel>
